elevationsoftware/face_recognition,master,0,0,2017-08-13T07:08:20Z,2017-08-13T07:08:21Z
dhrobinson/Sharc,master,0,0,2015-04-30T07:42:13Z,2015-04-30T07:55:28Z
liushichaott/app,master,0,0,2017-12-05T07:09:23Z,2017-12-05T07:17:53Z
schandek/datasharing,master,0,0,2014-11-23T23:28:20Z,2014-11-23T20:13:23Z
ailylab-kamijima/test_tutorial,master,0,0,2013-09-09T05:58:41Z,2013-09-09T08:54:50Z
deepm/deepm.github.io,master,0,0,2015-03-30T04:37:22Z,2015-03-30T04:45:46Z
jpiepkow/function-timer,master,0,0,2016-12-14T19:45:27Z,2016-12-14T19:46:08Z
KishorGhosh/My-Css,master,0,0,2016-07-28T06:18:23Z,2016-07-28T06:18:23Z
target3ds1988/OpenCOLLADA,master,0,0,2014-03-18T13:23:11Z,2014-03-18T13:23:11Z
axitmehta/THT,master,0,0,2017-11-15T11:48:20Z,2017-11-15T11:48:23Z
fatdai/hl-line-plus,master,0,0,2016-03-09T17:02:45Z,2016-03-09T17:02:46Z
Sala6460/excpetional-realty-,master,0,0,2017-04-19T15:51:36Z,2017-04-19T15:51:36Z
betsyweilin/OSCC,devel,0,0,2017-03-24T01:42:27Z,2017-03-24T01:42:29Z
kevanescence/server-install,master,0,0,2017-11-26T11:36:21Z,2017-12-27T10:28:46Z
sobah/groundwork-master,master,0,0,2013-03-20T04:33:02Z,2013-03-20T04:33:02Z
flabio-team/uniMail,master,0,0,2017-07-13T06:35:50Z,2017-07-13T06:35:51Z
github-cloud/docker-netbeans,master,0,0,2016-07-25T20:15:52Z,2016-07-25T20:15:55Z
AdamMcWilliam/KurrencyKonverter,master,0,0,2014-03-14T15:14:17Z,2014-03-14T15:14:18Z
vaniakosmos/data-mining-practice,master,0,0,2017-02-15T18:37:18Z,2017-02-15T18:37:24Z
thiagoa/your-weekly,master,0,0,2016-09-01T16:53:33Z,2016-09-01T16:53:34Z
MindMC/gh-pages,master,0,0,2016-03-23T00:19:14Z,2016-03-23T00:19:14Z
hydrosh/Scuola,master,0,0,2018-04-25T18:16:17Z,2018-04-25T18:16:22Z
02action/new-Dokio,master,0,0,2017-08-31T08:58:38Z,2017-08-31T08:58:38Z
kg1990/classship,master,0,0,2014-12-07T08:45:37Z,2014-12-07T09:01:16Z
alycarter/BirdGame,master,0,0,2015-02-20T08:56:20Z,2015-03-06T08:33:52Z
bhavyaab/03-parallel-file-processing,master,0,0,2016-12-08T00:20:46Z,2016-12-08T00:16:17Z
vrwebdesign/SB-Admin-BS4-Angular-4,master,0,0,2017-08-31T15:20:22Z,2017-08-31T15:20:24Z
welsonplay/PdfScribe,master,0,0,2018-04-13T11:25:55Z,2018-04-13T11:25:57Z
xkenneth/dontpaythestateold,master,1,0,2009-07-03T22:37:48Z,2014-01-18T06:37:59Z
chxiaowu/fabric,master,0,0,2016-08-10T06:53:26Z,2016-08-10T06:53:29Z
yannanwu/onestep,master,0,0,2013-03-31T10:51:49Z,2013-03-31T10:51:50Z
mako34/ReactNative_ImagePicker,master,0,0,2018-02-02T04:59:56Z,2018-02-02T05:00:54Z
ToddEdwardsWeb/_18_Comast_Xfinity,master,0,0,2018-04-14T12:01:08Z,2018-04-14T12:01:08Z
mlr-io/FMS,master,0,0,2014-11-19T16:05:02Z,2014-11-19T16:05:02Z
arkorsky/XWebAdmin,master,0,0,2016-06-27T05:19:48Z,2016-06-27T05:19:51Z
ycs0405/android-crawler,master,0,0,2017-06-13T00:58:46Z,2017-06-13T00:58:47Z
mydosh/mydosh.github.io,master,0,0,2018-02-19T20:43:10Z,2018-05-10T13:14:03Z
quocdung/cropper,master,0,0,2015-06-01T03:44:18Z,2015-06-01T03:44:18Z
southpolemonkey/comp9311-database-systems,master,0,0,2017-03-15T05:56:39Z,2017-03-15T05:56:41Z
Lapsec/deep-into-node,master,0,0,2016-06-16T11:26:09Z,2016-06-16T11:26:08Z
Niky-Noodle/Test,master,0,0,2016-07-27T08:20:51Z,2016-07-27T08:20:51Z
Ne00n/OpenVPN-install,master,0,0,2017-06-25T21:27:39Z,2017-06-25T21:27:40Z
danyohan/Desarrollo,master,0,0,2015-02-24T18:03:06Z,2015-02-24T18:03:06Z
ycxGHub/pthon,master,0,0,2016-10-28T08:47:43Z,2016-10-28T08:55:06Z
jiezheng907/newgmacs,master,0,0,2014-06-10T00:08:50Z,2014-06-10T00:08:51Z
elmalick/Hortalaimmobilier-1,master,0,0,2018-02-26T11:13:33Z,2018-02-26T11:13:36Z
nisar1991/nisar,master,0,0,2017-07-03T02:51:04Z,2017-07-03T02:51:04Z
daniel-mandl/hello-world,master,0,0,2016-03-07T20:05:34Z,2016-03-07T20:05:34Z
miguelramosfdz/AlloyActionJackson,master,0,0,2014-07-02T11:58:54Z,2014-06-23T01:01:15Z
jaemk/sudoku,master,0,0,2016-07-02T23:58:40Z,2016-07-02T23:58:41Z
AnastasiaPetrikevich/NET.S.2018.Petrikevich.02,master,0,0,2018-03-18T15:22:23Z,2018-03-21T08:49:13Z
miganrobles/numeros-primos,master,0,0,2015-10-01T09:11:03Z,2015-10-01T09:16:18Z
fccagroup/fccagroup.github.io,master,0,0,2018-06-15T09:04:07Z,2018-06-15T09:25:53Z
obrunorf/yolo-bear,master,1,0,2015-07-17T01:24:52Z,2015-07-19T13:06:52Z
jwpescola/escola,master,0,0,2017-02-20T00:33:26Z,2017-02-20T00:33:26Z
Orsox/doxygen,master,0,0,2017-08-16T15:45:35Z,2017-08-16T15:45:44Z
TODAQK/cronmod-scripts,master,0,0,2018-02-16T06:18:05Z,2018-02-16T06:18:07Z
jhez94/ERTSLab3,master,0,0,2014-11-08T17:58:06Z,2014-11-08T04:00:27Z
samdubey/EquinoxProject,master,0,0,2017-08-18T12:02:35Z,2017-08-18T12:02:36Z
juliofagundes/laradock,master,0,0,2016-09-27T03:26:54Z,2018-04-17T13:12:46Z
bmadueme/paper-onboarding,master,0,0,2016-10-14T07:08:33Z,2016-10-14T07:08:34Z
buzzdecafe/expression-parser,master,0,0,2014-12-10T02:11:38Z,2014-12-10T02:11:40Z
wapmorgan/PhpCodeFixer,master,141,12,2015-04-09T15:16:29Z,2018-06-11T06:07:25Z
Kashyap2/materialize,master,0,0,2017-02-04T09:50:53Z,2017-02-04T09:50:57Z
timwebster9/cloud-formation-terraform,master,0,0,2018-04-16T11:14:12Z,2018-04-16T12:34:51Z
RookieZhou94/nginx-rtmp-module,master,0,0,2018-05-21T10:42:15Z,2018-05-21T10:42:22Z
flazaar/transactional-website-back,master,0,0,2018-05-02T09:18:31Z,2018-05-02T09:18:31Z
zjj0425/deeptest-1,master,0,0,2018-01-15T15:59:37Z,2018-01-15T15:59:39Z
bih/yo-ruby,master,17,1,2014-07-21T20:12:04Z,2016-06-14T14:35:22Z
NazarMat/secondbase,master,0,0,2017-09-29T07:39:01Z,2017-09-29T07:44:04Z
6597421183/Shark-Bait,master,0,0,2017-02-10T13:33:36Z,2017-02-10T13:38:30Z
geetika6/cpp-oops-refrigerator-project,master,0,0,2015-11-28T02:20:27Z,2016-08-17T10:47:56Z
madbarua/scroller,master,1,0,2012-05-28T17:00:52Z,2016-05-31T21:03:35Z
Bosion21/hello-world,master,0,0,2018-04-14T08:22:21Z,2018-04-14T09:13:38Z
edmundyueng/test2,master,0,0,2018-02-08T06:12:00Z,2018-02-08T06:12:00Z
irmao/bolaodacopa,master,0,0,2018-06-16T18:35:14Z,2018-06-17T22:13:15Z
CWDN/immunology,master,0,0,2013-08-23T00:07:55Z,2014-02-05T00:24:10Z
tekii/go2xunit,master,0,0,2013-06-11T13:24:23Z,2013-07-31T17:05:17Z
end222/polybar,master,0,0,2017-12-20T15:26:08Z,2017-12-29T16:43:11Z
grype/self,master,0,0,2015-10-15T02:12:42Z,2015-10-15T02:12:51Z
iprodev/TorrentAlert,master,0,0,2016-04-08T22:08:35Z,2016-04-08T22:08:38Z
SebsLittleHelpers/perf-ctorOpt,master,0,0,2016-01-20T23:36:42Z,2016-01-21T00:01:20Z
entropitor/bs-socket.io,master,0,0,2018-05-13T07:28:30Z,2018-05-13T07:28:32Z
ly774508966/LuaFramework_NGUI,master,0,0,2016-09-02T14:41:10Z,2016-09-02T14:41:14Z
miriam-z/hackajob-phonebook-beginner,master,0,0,2018-04-04T00:29:34Z,2018-04-04T00:29:57Z
daru79/gittest,master,0,0,2016-09-29T09:31:17Z,2016-09-29T09:40:47Z
reputation-graph-experiment/graph,master,0,0,2016-05-15T18:06:20Z,2016-05-15T18:09:54Z
edmundkwok/alpine-node,master,0,0,2016-11-25T06:48:09Z,2016-11-24T17:14:54Z
YounMinx/notes,master,0,0,2017-04-18T03:21:23Z,2017-04-18T03:21:25Z
HongHyunTaek/Cracking,master,0,0,2018-04-23T11:40:13Z,2018-04-23T11:40:15Z
marktimbol/offplanpropertydubai,master,0,1,2016-10-30T07:19:05Z,2017-10-23T06:19:44Z
Uberi/Raydium-AHK,master,1,0,2011-12-16T22:43:30Z,2013-11-03T09:18:39Z
EBEvans/Encoder,master,0,0,2017-02-23T16:29:30Z,2017-02-23T18:01:17Z
Hohol/2048-AI-JS,master,0,0,2014-04-02T10:46:36Z,2015-12-21T19:25:44Z
proelbtn/pi-oven,master,3,0,2018-03-29T02:24:41Z,2018-06-18T14:57:00Z
chinnurtb/my_game,master,0,0,2013-09-20T05:14:39Z,2014-05-10T04:50:56Z
Gabriel439/DPutils,master,0,0,2017-02-26T21:40:07Z,2017-02-26T21:40:09Z
danielajones22/Parcial1-MonteFuji,master,0,0,2018-03-03T22:32:39Z,2018-03-03T23:06:43Z
0x00xw/popmotion,master,0,0,2018-05-16T05:46:07Z,2018-05-16T05:46:10Z
pavelmaksimov/yandex-metrica-python-lib,master,0,0,2018-02-15T07:11:28Z,2018-02-15T07:11:53Z
